id;username;email;password
1;Senior;Asia.Lubowitz@gmail.com;parse deposit
2;Optimization;Johnathan_Bode@yahoo.com;Buckinghamshire Future
3;Intelligent Interface;Kristina35@gmail.com;Borders synthesizing Tactics
4;Kids access;Asia20@yahoo.com;dynamic index Cambridgeshire
5;HTTP;Mya81@hotmail.com;Object-based
6;Garden;Janelle94@yahoo.com;microchip circuit auxiliary
7;B2B motivating;Yadira14@gmail.com;Digitized Persevering hacking
8;Movies action-items auxiliary;Madalyn6@yahoo.com;TCP
9;recontextualize;Kamille_Kihn@yahoo.com;Program model
10;Tunisia quantify;Vickie_Dooley@gmail.com;Berkshire Ireland
