id;parent_id;content;time_stamp;status
1;85353;Arkansas purple;2024-02-27T12:56:33;CSS circuit
2;91841;transmitting;2024-02-27T22:31:47;reintermediate
3;72468;programming;2024-02-27T12:47:23;Fresh cross-platform
4;70183;Sausages;2024-02-27T19:44:47;indigo synthesize
5;72171;Savings feed;2024-02-27T13:57:00;online system-worthy eyeballs
6;25432;e-business Garden;2024-02-27T03:58:48;state Unbranded Springs
7;65052;Analyst;2024-02-27T23:32:14;Creek withdrawal
8;860;Intelligent District;2024-02-27T10:13:41;salmon
9;13453;bleeding-edge ivory Pants;2024-02-27T09:04:44;Orchestrator Cambridgeshire
10;26202;Facilitator Keyboard;2024-02-27T18:13:43;Open-architected Riel
