id;content;timestamp
1;../fake-data/blob/hipster.txt;2024-03-06T17:16:50
2;../fake-data/blob/hipster.txt;2024-03-07T12:48:16
3;../fake-data/blob/hipster.txt;2024-03-07T01:11:33
4;../fake-data/blob/hipster.txt;2024-03-06T17:13:39
5;../fake-data/blob/hipster.txt;2024-03-07T09:54:47
6;../fake-data/blob/hipster.txt;2024-03-07T12:52:09
7;../fake-data/blob/hipster.txt;2024-03-06T19:59:14
8;../fake-data/blob/hipster.txt;2024-03-07T01:37:54
9;../fake-data/blob/hipster.txt;2024-03-06T22:34:30
10;../fake-data/blob/hipster.txt;2024-03-07T07:18:22
