id;content;timestamp;likes;shares
1;Singapore Mexico;2024-02-27T12:13:30;4244;97628
2;Specialist world-class;2024-02-27T23:19:43;34230;12209
3;1080p solutions;2024-02-27T15:31:33;10035;61138
4;next-generation Pataca;2024-02-27T20:07:08;63164;58444
5;Multi-layered synthesizing;2024-02-27T15:08:10;70149;22662
6;Fully-configurable Designer;2024-02-27T22:04:08;73739;45166
7;compress;2024-02-27T23:34:27;29462;36928
8;Illinois enterprise;2024-02-27T03:56:36;36331;94690
9;Costa Shoes;2024-02-27T07:37:43;20383;60115
10;withdrawal Sleek Netherlands;2024-02-27T23:17:25;25395;18140
