id;parent_id;content;timestamp;status
1;64562;synergy Wooden focus;2024-03-05T05:20:05;olive Ethiopia
2;1840;Marketing;2024-03-04T20:11:43;Marketing Outdoors Table
3;88520;middleware neutral Grocery;2024-03-05T02:02:52;coherent Sudanese
4;34691;copying Gorgeous Avon;2024-03-05T16:30:42;Market Soft teal
5;38541;Coordinator;2024-03-05T16:38:50;array RSS Re-contextualized
6;97431;local;2024-03-05T06:17:28;Pakistan District impactful
7;33637;Buckinghamshire Salad Metal;2024-03-05T06:45:20;Fantastic Rubber
8;31962;Savings;2024-03-05T11:13:35;clicks-and-mortar Lats
9;65394;proactive Ferry model;2024-03-05T08:11:56;Central compressing
10;84017;Uganda transmit circuit;2024-03-05T15:27:22;e-enable program Agent
