id;volunteer_hours;user_bio;review_comment;course;skills
1;40877;Steel input Bedfordshire;backing Re-engineered Industrial;override;web-enabled e-enable
2;36846;microchip up Home;parse Table Account;Licensed;benchmark Upgradable Avon
3;9629;District programming;best-of-breed;Assistant;Multi-lateral Human envisioneer
4;91841;Coordinator Iceland;parallelism foreground digital;networks;Awesome
5;46577;Nevada world-class;Soap Inverse;Officer Baby;Corporate
6;75933;connecting Quality;PNG;Metrics;wireless middleware success
7;72166;SDD paradigms Summit;connecting SMS Implementation;Buckinghamshire Accountability;Checking
8;38695;Lodge;Interactions Credit;Practical Incredible;yellow B2B
9;91846;Car mission-critical;blue Account;Burg;Forward
10;62669;object-oriented;Manor contextually-based;Cotton system;port Digitized Loan
